a0,a1,a2,a3,st_range,end_range
0,0,0,0,-12.77411,-22.9435
-0.001453105,0.2500305,28.68007,2467.64,-22.9435,-28.68007
-0.002093365,0.2122136,-12.64799,-2168.258,-28.68007,-32.59138
0,0,-5.434147,531.319,-32.59138,-46.15055
0,0,0,0,-46.15055,-66.75008
0,0,0,0,-66.75008,-81.61302
0,0,0,0,-81.61302,-82.91679
0,0,0,0,-82.91679,-82.91679
