a0,a1,a2,a3,st_range,end_range
6.824782e-038,0,0,0,-12.77411,-22.9435
0,0,2.907776e-033,0,-22.9435,-28.68007
4.760761e-038,0,7.721155e-043,4.660754e-033,-28.68007,-32.59138
4.079207e-033,5.646978e-038,4.764201e-038,0,-32.59138,-46.15055
0,0,0,0,-46.15055,-66.75008
0,0,5.060384e-038,0,-66.75008,-81.61302
0,5.648099e-038,6.81441e-038,0,-81.61302,-82.91679
0,0,0,6.816706e-038,-82.91679,-82.91679
