a0,a1,a2,a3,st_range,end_range
0,0,0,0,-13.03487,-33.89515
0,0,0,0,-33.89515,-56.84145
0,0,0,0,-56.84145,-64.66405
0,0,0,0,-64.66405,-65.70706
0,0,0,0,-65.70706,-80.30926
0,1,-163.226,19982.06,-80.30926,-104.0378
0,-1,163.226,-19982.06,-104.0378,-117.0755
0,0,0,0,-117.0755,-126.9841
